Country Name,Country Code,Classification Name,Classification Code,Series Name,Series Code,2017 [YR2017]
Afghanistan,AFG,"Expenditure per capita, PPP-based (US$)",PCAP.PP,1000000:GROSS DOMESTIC PRODUCT,1000000,2202.5708512665
Afghanistan,AFG,Purchasing power parity (PPP) (US$ = 1),PPPGlob,1000000:GROSS DOMESTIC PRODUCT,1000000,17.2055580487587
Albania,ALB,"Expenditure per capita, PPP-based (US$)",PCAP.PP,1000000:GROSS DOMESTIC PRODUCT,1000000,13093.6600658785
Albania,ALB,Purchasing power parity (PPP) (US$ = 1),PPPGlob,1000000:GROSS DOMESTIC PRODUCT,1000000,41.2310447692871
Algeria,DZA,"Expenditure per capita, PPP-based (US$)",PCAP.PP,1000000:GROSS DOMESTIC PRODUCT,1000000,11560.5157196271
Algeria,DZA,Purchasing power parity (PPP) (US$ = 1),PPPGlob,1000000:GROSS DOMESTIC PRODUCT,1000000,38.8557510375977
American Samoa,ASM,"Expenditure per capita, PPP-based (US$)",PCAP.PP,1000000:GROSS DOMESTIC PRODUCT,1000000,..
American Samoa,ASM,Purchasing power parity (PPP) (US$ = 1),PPPGlob,1000000:GROSS DOMESTIC PRODUCT,1000000,..
Angola,AGO,"Expenditure per capita, PPP-based (US$)",PCAP.PP,1000000:GROSS DOMESTIC PRODUCT,1000000,7348.10631706197
Angola,AGO,Purchasing power parity (PPP) (US$ = 1),PPPGlob,1000000:GROSS DOMESTIC PRODUCT,1000000,92.9517211914063
Anguilla,AIA,"Expenditure per capita, PPP-based (US$)",PCAP.PP,1000000:GROSS DOMESTIC PRODUCT,1000000,22877.1613339638
Anguilla,AIA,Purchasing power parity (PPP) (US$ = 1),PPPGlob,1000000:GROSS DOMESTIC PRODUCT,1000000,2.29451608657837
Antigua and Barbuda,ATG,"Expenditure per capita, PPP-based (US$)",PCAP.PP,1000000:GROSS DOMESTIC PRODUCT,1000000,20494.4141016796
Antigua and Barbuda,ATG,Purchasing power parity (PPP) (US$ = 1),PPPGlob,1000000:GROSS DOMESTIC PRODUCT,1000000,2.09350109100342
Argentina,ARG,"Expenditure per capita, PPP-based (US$)",PCAP.PP,1000000:GROSS DOMESTIC PRODUCT,1000000,23620.6613970533
Argentina,ARG,Purchasing power parity (PPP) (US$ = 1),PPPGlob,1000000:GROSS DOMESTIC PRODUCT,1000000,10.2568216323853
Armenia,ARM,"Expenditure per capita, PPP-based (US$)",PCAP.PP,1000000:GROSS DOMESTIC PRODUCT,1000000,11974.1994723491
Armenia,ARM,Purchasing power parity (PPP) (US$ = 1),PPPGlob,1000000:GROSS DOMESTIC PRODUCT,1000000,155.970703125
Aruba,ABW,"Expenditure per capita, PPP-based (US$)",PCAP.PP,1000000:GROSS DOMESTIC PRODUCT,1000000,38439.6762836086
Aruba,ABW,Purchasing power parity (PPP) (US$ = 1),PPPGlob,1000000:GROSS DOMESTIC PRODUCT,1000000,1.35068964958191
Australia,AUS,"Expenditure per capita, PPP-based (US$)",PCAP.PP,1000000:GROSS DOMESTIC PRODUCT,1000000,50152.6358905326
Australia,AUS,Purchasing power parity (PPP) (US$ = 1),PPPGlob,1000000:GROSS DOMESTIC PRODUCT,1000000,1.46582388877869
Austria,AUT,"Expenditure per capita, PPP-based (US$)",PCAP.PP,1000000:GROSS DOMESTIC PRODUCT,1000000,54652.5088216559
Austria,AUT,Purchasing power parity (PPP) (US$ = 1),PPPGlob,1000000:GROSS DOMESTIC PRODUCT,1000000,0.770370244979858
Azerbaijan,AZE,"Expenditure per capita, PPP-based (US$)",PCAP.PP,1000000:GROSS DOMESTIC PRODUCT,1000000,14295.5424234054
Azerbaijan,AZE,Purchasing power parity (PPP) (US$ = 1),PPPGlob,1000000:GROSS DOMESTIC PRODUCT,1000000,0.505471646785736
"Bahamas, The",BHS,"Expenditure per capita, PPP-based (US$)",PCAP.PP,1000000:GROSS DOMESTIC PRODUCT,1000000,35308.968337604
"Bahamas, The",BHS,Purchasing power parity (PPP) (US$ = 1),PPPGlob,1000000:GROSS DOMESTIC PRODUCT,1000000,0.901406764984131
Bahrain,BHR,"Expenditure per capita, PPP-based (US$)",PCAP.PP,1000000:GROSS DOMESTIC PRODUCT,1000000,47256.2115472991
Bahrain,BHR,Purchasing power parity (PPP) (US$ = 1),PPPGlob,1000000:GROSS DOMESTIC PRODUCT,1000000,0.187117710709572
Bangladesh,BGD,"Expenditure per capita, PPP-based (US$)",PCAP.PP,1000000:GROSS DOMESTIC PRODUCT,1000000,4391.74329174099
Bangladesh,BGD,Purchasing power parity (PPP) (US$ = 1),PPPGlob,1000000:GROSS DOMESTIC PRODUCT,1000000,29.7381744384766
Barbados,BRB,"Expenditure per capita, PPP-based (US$)",PCAP.PP,1000000:GROSS DOMESTIC PRODUCT,1000000,14940.8812391127
Barbados,BRB,Purchasing power parity (PPP) (US$ = 1),PPPGlob,1000000:GROSS DOMESTIC PRODUCT,1000000,2.20300507545471
Belarus,BLR,"Expenditure per capita, PPP-based (US$)",PCAP.PP,1000000:GROSS DOMESTIC PRODUCT,1000000,18280.2270733273
Belarus,BLR,Purchasing power parity (PPP) (US$ = 1),PPPGlob,1000000:GROSS DOMESTIC PRODUCT,1000000,0.609042823314667
Belgium,BEL,"Expenditure per capita, PPP-based (US$)",PCAP.PP,1000000:GROSS DOMESTIC PRODUCT,1000000,50771.4405060833
Belgium,BEL,Purchasing power parity (PPP) (US$ = 1),PPPGlob,1000000:GROSS DOMESTIC PRODUCT,1000000,0.772879004478455
Belize,BLZ,"Expenditure per capita, PPP-based (US$)",PCAP.PP,1000000:GROSS DOMESTIC PRODUCT,1000000,7209.56131957243
Belize,BLZ,Purchasing power parity (PPP) (US$ = 1),PPPGlob,1000000:GROSS DOMESTIC PRODUCT,1000000,1.37506508827209
Benin,BEN,"Expenditure per capita, PPP-based (US$)",PCAP.PP,1000000:GROSS DOMESTIC PRODUCT,1000000,2250.13059150962
Benin,BEN,Purchasing power parity (PPP) (US$ = 1),PPPGlob,1000000:GROSS DOMESTIC PRODUCT,1000000,216.77360534668
Bermuda,BMU,"Expenditure per capita, PPP-based (US$)",PCAP.PP,1000000:GROSS DOMESTIC PRODUCT,1000000,72355.8171703822
Bermuda,BMU,Purchasing power parity (PPP) (US$ = 1),PPPGlob,1000000:GROSS DOMESTIC PRODUCT,1000000,1.36641585826874
Bhutan,BTN,"Expenditure per capita, PPP-based (US$)",PCAP.PP,1000000:GROSS DOMESTIC PRODUCT,1000000,11786.7114186073
Bhutan,BTN,Purchasing power parity (PPP) (US$ = 1),PPPGlob,1000000:GROSS DOMESTIC PRODUCT,1000000,19.2083396911621
Bolivia,BOL,"Expenditure per capita, PPP-based (US$)",PCAP.PP,1000000:GROSS DOMESTIC PRODUCT,1000000,8423.696041464
Bolivia,BOL,Purchasing power parity (PPP) (US$ = 1),PPPGlob,1000000:GROSS DOMESTIC PRODUCT,1000000,2.748943567276
Bonaire,BON,"Expenditure per capita, PPP-based (US$)",PCAP.PP,1000000:GROSS DOMESTIC PRODUCT,1000000,..
Bonaire,BON,Purchasing power parity (PPP) (US$ = 1),PPPGlob,1000000:GROSS DOMESTIC PRODUCT,1000000,..
Bosnia and Herzegovina,BIH,"Expenditure per capita, PPP-based (US$)",PCAP.PP,1000000:GROSS DOMESTIC PRODUCT,1000000,13842.7231635257
Bosnia and Herzegovina,BIH,Purchasing power parity (PPP) (US$ = 1),PPPGlob,1000000:GROSS DOMESTIC PRODUCT,1000000,0.67629486322403
Botswana,BWA,"Expenditure per capita, PPP-based (US$)",PCAP.PP,1000000:GROSS DOMESTIC PRODUCT,1000000,17275.7181668191
Botswana,BWA,Purchasing power parity (PPP) (US$ = 1),PPPGlob,1000000:GROSS DOMESTIC PRODUCT,1000000,4.73384952545166
Brazil,BRA,"Expenditure per capita, PPP-based (US$)",PCAP.PP,1000000:GROSS DOMESTIC PRODUCT,1000000,14519.8496891541
Brazil,BRA,Purchasing power parity (PPP) (US$ = 1),PPPGlob,1000000:GROSS DOMESTIC PRODUCT,1000000,2.18155694007874
Brunei Darussalam,BRN,"Expenditure per capita, PPP-based (US$)",PCAP.PP,1000000:GROSS DOMESTIC PRODUCT,1000000,60281.690097579
Brunei Darussalam,BRN,Purchasing power parity (PPP) (US$ = 1),PPPGlob,1000000:GROSS DOMESTIC PRODUCT,1000000,0.646853625774384
Bulgaria,BGR,"Expenditure per capita, PPP-based (US$)",PCAP.PP,1000000:GROSS DOMESTIC PRODUCT,1000000,21447.0789852847
Bulgaria,BGR,Purchasing power parity (PPP) (US$ = 1),PPPGlob,1000000:GROSS DOMESTIC PRODUCT,1000000,0.674149572849274
Burkina Faso,BFA,"Expenditure per capita, PPP-based (US$)",PCAP.PP,1000000:GROSS DOMESTIC PRODUCT,1000000,1812.76997011042
Burkina Faso,BFA,Purchasing power parity (PPP) (US$ = 1),PPPGlob,1000000:GROSS DOMESTIC PRODUCT,1000000,208.757202148438
Burundi,BDI,"Expenditure per capita, PPP-based (US$)",PCAP.PP,1000000:GROSS DOMESTIC PRODUCT,1000000,784.479043357038
Burundi,BDI,Purchasing power parity (PPP) (US$ = 1),PPPGlob,1000000:GROSS DOMESTIC PRODUCT,1000000,654.895874023438
Cabo Verde,CPV,"Expenditure per capita, PPP-based (US$)",PCAP.PP,1000000:GROSS DOMESTIC PRODUCT,1000000,6616.62205487691
Cabo Verde,CPV,Purchasing power parity (PPP) (US$ = 1),PPPGlob,1000000:GROSS DOMESTIC PRODUCT,1000000,48.4771270751953
Cambodia,KHM,"Expenditure per capita, PPP-based (US$)",PCAP.PP,1000000:GROSS DOMESTIC PRODUCT,1000000,3967.88373853353
Cambodia,KHM,Purchasing power parity (PPP) (US$ = 1),PPPGlob,1000000:GROSS DOMESTIC PRODUCT,1000000,1428.353515625
Cameroon,CMR,"Expenditure per capita, PPP-based (US$)",PCAP.PP,1000000:GROSS DOMESTIC PRODUCT,1000000,3545.54661170722
Cameroon,CMR,Purchasing power parity (PPP) (US$ = 1),PPPGlob,1000000:GROSS DOMESTIC PRODUCT,1000000,232.801391601563
Canada,CAN,"Expenditure per capita, PPP-based (US$)",PCAP.PP,1000000:GROSS DOMESTIC PRODUCT,1000000,48657.7522467267
Canada,CAN,Purchasing power parity (PPP) (US$ = 1),PPPGlob,1000000:GROSS DOMESTIC PRODUCT,1000000,1.2047358751297
Cayman Islands,CYM,"Expenditure per capita, PPP-based (US$)",PCAP.PP,1000000:GROSS DOMESTIC PRODUCT,1000000,69420.5111571335
Cayman Islands,CYM,Purchasing power parity (PPP) (US$ = 1),PPPGlob,1000000:GROSS DOMESTIC PRODUCT,1000000,0.9737908244133
Central African Republic,CAF,"Expenditure per capita, PPP-based (US$)",PCAP.PP,1000000:GROSS DOMESTIC PRODUCT,1000000,937.014585222832
Central African Republic,CAF,Purchasing power parity (PPP) (US$ = 1),PPPGlob,1000000:GROSS DOMESTIC PRODUCT,1000000,286.829162597656
Chad,TCD,"Expenditure per capita, PPP-based (US$)",PCAP.PP,1000000:GROSS DOMESTIC PRODUCT,1000000,1622.42945391929
Chad,TCD,Purchasing power parity (PPP) (US$ = 1),PPPGlob,1000000:GROSS DOMESTIC PRODUCT,1000000,243.654571533203
Chile,CHL,"Expenditure per capita, PPP-based (US$)",PCAP.PP,1000000:GROSS DOMESTIC PRODUCT,1000000,23657.2079976376
Chile,CHL,Purchasing power parity (PPP) (US$ = 1),PPPGlob,1000000:GROSS DOMESTIC PRODUCT,1000000,411.263763427734
China,CHN,"Expenditure per capita, PPP-based (US$)",PCAP.PP,1000000:GROSS DOMESTIC PRODUCT,1000000,14149.9187989812
China,CHN,Purchasing power parity (PPP) (US$ = 1),PPPGlob,1000000:GROSS DOMESTIC PRODUCT,1000000,4.18381118774414
Colombia,COL,"Expenditure per capita, PPP-based (US$)",PCAP.PP,1000000:GROSS DOMESTIC PRODUCT,1000000,14198.7805027599
Colombia,COL,Purchasing power parity (PPP) (US$ = 1),PPPGlob,1000000:GROSS DOMESTIC PRODUCT,1000000,1314.78686523438
Comoros,COM,"Expenditure per capita, PPP-based (US$)",PCAP.PP,1000000:GROSS DOMESTIC PRODUCT,1000000,3100.89757979037
Comoros,COM,Purchasing power parity (PPP) (US$ = 1),PPPGlob,1000000:GROSS DOMESTIC PRODUCT,1000000,190.125900268555
"Congo, Dem. Rep.",COD,"Expenditure per capita, PPP-based (US$)",PCAP.PP,1000000:GROSS DOMESTIC PRODUCT,1000000,1377.96583723435
"Congo, Dem. Rep.",COD,Purchasing power parity (PPP) (US$ = 1),PPPGlob,1000000:GROSS DOMESTIC PRODUCT,1000000,645.390563964844
"Congo, Rep.",COG,"Expenditure per capita, PPP-based (US$)",PCAP.PP,1000000:GROSS DOMESTIC PRODUCT,1000000,5145.21957161097
"Congo, Rep.",COG,Purchasing power parity (PPP) (US$ = 1),PPPGlob,1000000:GROSS DOMESTIC PRODUCT,1000000,297.673980712891
Cook Islands,COK,"Expenditure per capita, PPP-based (US$)",PCAP.PP,1000000:GROSS DOMESTIC PRODUCT,1000000,..
Cook Islands,COK,Purchasing power parity (PPP) (US$ = 1),PPPGlob,1000000:GROSS DOMESTIC PRODUCT,1000000,..
Costa Rica,CRI,"Expenditure per capita, PPP-based (US$)",PCAP.PP,1000000:GROSS DOMESTIC PRODUCT,1000000,19822.6385210903
Costa Rica,CRI,Purchasing power parity (PPP) (US$ = 1),PPPGlob,1000000:GROSS DOMESTIC PRODUCT,1000000,350.816864013672
Côte d'Ivoire,CIV,"Expenditure per capita, PPP-based (US$)",PCAP.PP,1000000:GROSS DOMESTIC PRODUCT,1000000,3572.18987825045
Côte d'Ivoire,CIV,Purchasing power parity (PPP) (US$ = 1),PPPGlob,1000000:GROSS DOMESTIC PRODUCT,1000000,253.74560546875
Croatia,HRV,"Expenditure per capita, PPP-based (US$)",PCAP.PP,1000000:GROSS DOMESTIC PRODUCT,1000000,26666.0328782393
Croatia,HRV,Purchasing power parity (PPP) (US$ = 1),PPPGlob,1000000:GROSS DOMESTIC PRODUCT,1000000,3.32731342315674
Cuba,CUB,"Expenditure per capita, PPP-based (US$)",PCAP.PP,1000000:GROSS DOMESTIC PRODUCT,1000000,..
Cuba,CUB,Purchasing power parity (PPP) (US$ = 1),PPPGlob,1000000:GROSS DOMESTIC PRODUCT,1000000,..
Curaçao,CUW,"Expenditure per capita, PPP-based (US$)",PCAP.PP,1000000:GROSS DOMESTIC PRODUCT,1000000,25183.4307017927
Curaçao,CUW,Purchasing power parity (PPP) (US$ = 1),PPPGlob,1000000:GROSS DOMESTIC PRODUCT,1000000,1.36715650558472
Cyprus,CYP,"Expenditure per capita, PPP-based (US$)",PCAP.PP,1000000:GROSS DOMESTIC PRODUCT,1000000,37915.3272170539
Cyprus,CYP,Purchasing power parity (PPP) (US$ = 1),PPPGlob,1000000:GROSS DOMESTIC PRODUCT,1000000,0.614919483661652
Czech Republic,CZE,"Expenditure per capita, PPP-based (US$)",PCAP.PP,1000000:GROSS DOMESTIC PRODUCT,1000000,38507.3319121651
Czech Republic,CZE,Purchasing power parity (PPP) (US$ = 1),PPPGlob,1000000:GROSS DOMESTIC PRODUCT,1000000,12.377592086792
Denmark,DNK,"Expenditure per capita, PPP-based (US$)",PCAP.PP,1000000:GROSS DOMESTIC PRODUCT,1000000,55045.6149048063
Denmark,DNK,Purchasing power parity (PPP) (US$ = 1),PPPGlob,1000000:GROSS DOMESTIC PRODUCT,1000000,6.85184717178345
Djibouti,DJI,"Expenditure per capita, PPP-based (US$)",PCAP.PP,1000000:GROSS DOMESTIC PRODUCT,1000000,5197.05002017013
Djibouti,DJI,Purchasing power parity (PPP) (US$ = 1),PPPGlob,1000000:GROSS DOMESTIC PRODUCT,1000000,106.022705078125
Dominica,DMA,"Expenditure per capita, PPP-based (US$)",PCAP.PP,1000000:GROSS DOMESTIC PRODUCT,1000000,11304.3597107511
Dominica,DMA,Purchasing power parity (PPP) (US$ = 1),PPPGlob,1000000:GROSS DOMESTIC PRODUCT,1000000,1.7375373840332
Dominican Republic,DOM,"Expenditure per capita, PPP-based (US$)",PCAP.PP,1000000:GROSS DOMESTIC PRODUCT,1000000,16735.3755660198
Dominican Republic,DOM,Purchasing power parity (PPP) (US$ = 1),PPPGlob,1000000:GROSS DOMESTIC PRODUCT,1000000,21.6132755279541
East Asia & Pacific (ICP),EAB,"Expenditure per capita, PPP-based (US$)",PCAP.PP,1000000:GROSS DOMESTIC PRODUCT,1000000,16391.9520389721
East Asia & Pacific (ICP),EAB,Purchasing power parity (PPP) (US$ = 1),PPPGlob,1000000:GROSS DOMESTIC PRODUCT,1000000,..
Ecuador,ECU,"Expenditure per capita, PPP-based (US$)",PCAP.PP,1000000:GROSS DOMESTIC PRODUCT,1000000,11617.9087583298
Ecuador,ECU,Purchasing power parity (PPP) (US$ = 1),PPPGlob,1000000:GROSS DOMESTIC PRODUCT,1000000,0.534820973873138
"Egypt, Arab Rep.",EGY,"Expenditure per capita, PPP-based (US$)",PCAP.PP,1000000:GROSS DOMESTIC PRODUCT,1000000,13327.3659551769
"Egypt, Arab Rep.",EGY,Purchasing power parity (PPP) (US$ = 1),PPPGlob,1000000:GROSS DOMESTIC PRODUCT,1000000,3.26660299301147
El Salvador,SLV,"Expenditure per capita, PPP-based (US$)",PCAP.PP,1000000:GROSS DOMESTIC PRODUCT,1000000,8436.71444048994
El Salvador,SLV,Purchasing power parity (PPP) (US$ = 1),PPPGlob,1000000:GROSS DOMESTIC PRODUCT,1000000,0.462530195713043
Equatorial Guinea,GNQ,"Expenditure per capita, PPP-based (US$)",PCAP.PP,1000000:GROSS DOMESTIC PRODUCT,1000000,22770.7591887865
Equatorial Guinea,GNQ,Purchasing power parity (PPP) (US$ = 1),PPPGlob,1000000:GROSS DOMESTIC PRODUCT,1000000,248.934295654297
Eritrea,ERI,"Expenditure per capita, PPP-based (US$)",PCAP.PP,1000000:GROSS DOMESTIC PRODUCT,1000000,..
Eritrea,ERI,Purchasing power parity (PPP) (US$ = 1),PPPGlob,1000000:GROSS DOMESTIC PRODUCT,1000000,5.46990434868798
Estonia,EST,"Expenditure per capita, PPP-based (US$)",PCAP.PP,1000000:GROSS DOMESTIC PRODUCT,1000000,33866.7256161206
Estonia,EST,Purchasing power parity (PPP) (US$ = 1),PPPGlob,1000000:GROSS DOMESTIC PRODUCT,1000000,0.533627331256866
Eswatini,SWZ,"Expenditure per capita, PPP-based (US$)",PCAP.PP,1000000:GROSS DOMESTIC PRODUCT,1000000,8716.60615834924
Eswatini,SWZ,Purchasing power parity (PPP) (US$ = 1),PPPGlob,1000000:GROSS DOMESTIC PRODUCT,1000000,6.20559310913086
Ethiopia,ETH,"Expenditure per capita, PPP-based (US$)",PCAP.PP,1000000:GROSS DOMESTIC PRODUCT,1000000,1616.9603286712
Ethiopia,ETH,Purchasing power parity (PPP) (US$ = 1),PPPGlob,1000000:GROSS DOMESTIC PRODUCT,1000000,8.52085494995117
Europe & Central Asia (ICP),ECB,"Expenditure per capita, PPP-based (US$)",PCAP.PP,1000000:GROSS DOMESTIC PRODUCT,1000000,35255.4578963952
Europe & Central Asia (ICP),ECB,Purchasing power parity (PPP) (US$ = 1),PPPGlob,1000000:GROSS DOMESTIC PRODUCT,1000000,..
Fiji,FJI,"Expenditure per capita, PPP-based (US$)",PCAP.PP,1000000:GROSS DOMESTIC PRODUCT,1000000,13436.436414009
Fiji,FJI,Purchasing power parity (PPP) (US$ = 1),PPPGlob,1000000:GROSS DOMESTIC PRODUCT,1000000,0.939006924629211
Finland,FIN,"Expenditure per capita, PPP-based (US$)",PCAP.PP,1000000:GROSS DOMESTIC PRODUCT,1000000,47470.6329594285
Finland,FIN,Purchasing power parity (PPP) (US$ = 1),PPPGlob,1000000:GROSS DOMESTIC PRODUCT,1000000,0.863496065139771
France,FRA,"Expenditure per capita, PPP-based (US$)",PCAP.PP,1000000:GROSS DOMESTIC PRODUCT,1000000,44651.3611531727
France,FRA,Purchasing power parity (PPP) (US$ = 1),PPPGlob,1000000:GROSS DOMESTIC PRODUCT,1000000,0.766437828540802
French Polynesia,PYF,"Expenditure per capita, PPP-based (US$)",PCAP.PP,1000000:GROSS DOMESTIC PRODUCT,1000000,..
French Polynesia,PYF,Purchasing power parity (PPP) (US$ = 1),PPPGlob,1000000:GROSS DOMESTIC PRODUCT,1000000,..
Gabon,GAB,"Expenditure per capita, PPP-based (US$)",PCAP.PP,1000000:GROSS DOMESTIC PRODUCT,1000000,12631.0592744823
Gabon,GAB,Purchasing power parity (PPP) (US$ = 1),PPPGlob,1000000:GROSS DOMESTIC PRODUCT,1000000,279.765716552734
"Gambia, The",GMB,"Expenditure per capita, PPP-based (US$)",PCAP.PP,1000000:GROSS DOMESTIC PRODUCT,1000000,1970.07067002573
"Gambia, The",GMB,Purchasing power parity (PPP) (US$ = 1),PPPGlob,1000000:GROSS DOMESTIC PRODUCT,1000000,15.286075592041
Georgia,GEO,"Expenditure per capita, PPP-based (US$)",PCAP.PP,1000000:GROSS DOMESTIC PRODUCT,1000000,13589.7303703325
Georgia,GEO,Purchasing power parity (PPP) (US$ = 1),PPPGlob,1000000:GROSS DOMESTIC PRODUCT,1000000,0.804571690379399
Germany,DEU,"Expenditure per capita, PPP-based (US$)",PCAP.PP,1000000:GROSS DOMESTIC PRODUCT,1000000,53011.7380206297
Germany,DEU,Purchasing power parity (PPP) (US$ = 1),PPPGlob,1000000:GROSS DOMESTIC PRODUCT,1000000,0.740562438964844
Ghana,GHA,"Expenditure per capita, PPP-based (US$)",PCAP.PP,1000000:GROSS DOMESTIC PRODUCT,1000000,4996.6399076921
Ghana,GHA,Purchasing power parity (PPP) (US$ = 1),PPPGlob,1000000:GROSS DOMESTIC PRODUCT,1000000,1.76394963264465
Greece,GRC,"Expenditure per capita, PPP-based (US$)",PCAP.PP,1000000:GROSS DOMESTIC PRODUCT,1000000,29088.9656669945
Greece,GRC,Purchasing power parity (PPP) (US$ = 1),PPPGlob,1000000:GROSS DOMESTIC PRODUCT,1000000,0.576064169406891
Grenada,GRD,"Expenditure per capita, PPP-based (US$)",PCAP.PP,1000000:GROSS DOMESTIC PRODUCT,1000000,16234.7462446335
Grenada,GRD,Purchasing power parity (PPP) (US$ = 1),PPPGlob,1000000:GROSS DOMESTIC PRODUCT,1000000,1.69031286239624
Guam,GUM,"Expenditure per capita, PPP-based (US$)",PCAP.PP,1000000:GROSS DOMESTIC PRODUCT,1000000,..
Guam,GUM,Purchasing power parity (PPP) (US$ = 1),PPPGlob,1000000:GROSS DOMESTIC PRODUCT,1000000,..
Guatemala,GTM,"Expenditure per capita, PPP-based (US$)",PCAP.PP,1000000:GROSS DOMESTIC PRODUCT,1000000,8353.14518513865
Guatemala,GTM,Purchasing power parity (PPP) (US$ = 1),PPPGlob,1000000:GROSS DOMESTIC PRODUCT,1000000,3.93259406089783
Guinea,GIN,"Expenditure per capita, PPP-based (US$)",PCAP.PP,1000000:GROSS DOMESTIC PRODUCT,1000000,2846.5720533632
Guinea,GIN,Purchasing power parity (PPP) (US$ = 1),PPPGlob,1000000:GROSS DOMESTIC PRODUCT,1000000,3216.03491210938
Guinea-Bissau,GNB,"Expenditure per capita, PPP-based (US$)",PCAP.PP,1000000:GROSS DOMESTIC PRODUCT,1000000,1925.23773671512
Guinea-Bissau,GNB,Purchasing power parity (PPP) (US$ = 1),PPPGlob,1000000:GROSS DOMESTIC PRODUCT,1000000,222.748580932617
Guyana,GUY,"Expenditure per capita, PPP-based (US$)",PCAP.PP,1000000:GROSS DOMESTIC PRODUCT,1000000,8989.02667849147
Guyana,GUY,Purchasing power parity (PPP) (US$ = 1),PPPGlob,1000000:GROSS DOMESTIC PRODUCT,1000000,105.35279083252
Haiti,HTI,"Expenditure per capita, PPP-based (US$)",PCAP.PP,1000000:GROSS DOMESTIC PRODUCT,1000000,1876.99724698991
Haiti,HTI,Purchasing power parity (PPP) (US$ = 1),PPPGlob,1000000:GROSS DOMESTIC PRODUCT,1000000,28.4983959197998
Honduras,HND,"Expenditure per capita, PPP-based (US$)",PCAP.PP,1000000:GROSS DOMESTIC PRODUCT,1000000,5561.99687910622
Honduras,HND,Purchasing power parity (PPP) (US$ = 1),PPPGlob,1000000:GROSS DOMESTIC PRODUCT,1000000,10.3615589141846
"Hong Kong SAR, China",HKG,"Expenditure per capita, PPP-based (US$)",PCAP.PP,1000000:GROSS DOMESTIC PRODUCT,1000000,59926.9438674133
"Hong Kong SAR, China",HKG,Purchasing power parity (PPP) (US$ = 1),PPPGlob,1000000:GROSS DOMESTIC PRODUCT,1000000,6.01143312454224
Hungary,HUN,"Expenditure per capita, PPP-based (US$)",PCAP.PP,1000000:GROSS DOMESTIC PRODUCT,1000000,29529.2993268212
Hungary,HUN,Purchasing power parity (PPP) (US$ = 1),PPPGlob,1000000:GROSS DOMESTIC PRODUCT,1000000,134.363098144531
Iceland,ISL,"Expenditure per capita, PPP-based (US$)",PCAP.PP,1000000:GROSS DOMESTIC PRODUCT,1000000,55491.6356781872
Iceland,ISL,Purchasing power parity (PPP) (US$ = 1),PPPGlob,1000000:GROSS DOMESTIC PRODUCT,1000000,137.121978759766
India,IND,"Expenditure per capita, PPP-based (US$)",PCAP.PP,1000000:GROSS DOMESTIC PRODUCT,1000000,6149.19665749181
India,IND,Purchasing power parity (PPP) (US$ = 1),PPPGlob,1000000:GROSS DOMESTIC PRODUCT,1000000,20.6477928161621
Indonesia,IDN,"Expenditure per capita, PPP-based (US$)",PCAP.PP,1000000:GROSS DOMESTIC PRODUCT,1000000,11048.7586504132
Indonesia,IDN,Purchasing power parity (PPP) (US$ = 1),PPPGlob,1000000:GROSS DOMESTIC PRODUCT,1000000,4695.65869140625
"Iran, Islamic Rep.",IRN,"Expenditure per capita, PPP-based (US$)",PCAP.PP,1000000:GROSS DOMESTIC PRODUCT,1000000,16012.0359785391
"Iran, Islamic Rep.",IRN,Purchasing power parity (PPP) (US$ = 1),PPPGlob,1000000:GROSS DOMESTIC PRODUCT,1000000,13061.294921875
Iraq,IRQ,"Expenditure per capita, PPP-based (US$)",PCAP.PP,1000000:GROSS DOMESTIC PRODUCT,1000000,9916.7521604276
Iraq,IRQ,Purchasing power parity (PPP) (US$ = 1),PPPGlob,1000000:GROSS DOMESTIC PRODUCT,1000000,560.760803222656
Ireland,IRL,"Expenditure per capita, PPP-based (US$)",PCAP.PP,1000000:GROSS DOMESTIC PRODUCT,1000000,78211.485254587
Ireland,IRL,Purchasing power parity (PPP) (US$ = 1),PPPGlob,1000000:GROSS DOMESTIC PRODUCT,1000000,0.791098773479462
Israel,ISR,"Expenditure per capita, PPP-based (US$)",PCAP.PP,1000000:GROSS DOMESTIC PRODUCT,1000000,38982.6581778608
Israel,ISR,Purchasing power parity (PPP) (US$ = 1),PPPGlob,1000000:GROSS DOMESTIC PRODUCT,1000000,3.7450647354126
Italy,ITA,"Expenditure per capita, PPP-based (US$)",PCAP.PP,1000000:GROSS DOMESTIC PRODUCT,1000000,41784.8208133464
Italy,ITA,Purchasing power parity (PPP) (US$ = 1),PPPGlob,1000000:GROSS DOMESTIC PRODUCT,1000000,0.686535477638245
Jamaica,JAM,"Expenditure per capita, PPP-based (US$)",PCAP.PP,1000000:GROSS DOMESTIC PRODUCT,1000000,9619.24491696896
Jamaica,JAM,Purchasing power parity (PPP) (US$ = 1),PPPGlob,1000000:GROSS DOMESTIC PRODUCT,1000000,67.5818405151367
Japan,JPN,"Expenditure per capita, PPP-based (US$)",PCAP.PP,1000000:GROSS DOMESTIC PRODUCT,1000000,40826.5339268835
Japan,JPN,Purchasing power parity (PPP) (US$ = 1),PPPGlob,1000000:GROSS DOMESTIC PRODUCT,1000000,105.378967285156
Jordan,JOR,"Expenditure per capita, PPP-based (US$)",PCAP.PP,1000000:GROSS DOMESTIC PRODUCT,1000000,9610.1138886344
Jordan,JOR,Purchasing power parity (PPP) (US$ = 1),PPPGlob,1000000:GROSS DOMESTIC PRODUCT,1000000,0.300330430269241
Kazakhstan,KAZ,"Expenditure per capita, PPP-based (US$)",PCAP.PP,1000000:GROSS DOMESTIC PRODUCT,1000000,24863.0019690752
Kazakhstan,KAZ,Purchasing power parity (PPP) (US$ = 1),PPPGlob,1000000:GROSS DOMESTIC PRODUCT,1000000,121.253463745117
Kenya,KEN,"Expenditure per capita, PPP-based (US$)",PCAP.PP,1000000:GROSS DOMESTIC PRODUCT,1000000,4061.50798912595
Kenya,KEN,Purchasing power parity (PPP) (US$ = 1),PPPGlob,1000000:GROSS DOMESTIC PRODUCT,1000000,40.1849365234375
Kiribati,KIR,"Expenditure per capita, PPP-based (US$)",PCAP.PP,1000000:GROSS DOMESTIC PRODUCT,1000000,..
Kiribati,KIR,Purchasing power parity (PPP) (US$ = 1),PPPGlob,1000000:GROSS DOMESTIC PRODUCT,1000000,..
"Korea, Rep.",KOR,"Expenditure per capita, PPP-based (US$)",PCAP.PP,1000000:GROSS DOMESTIC PRODUCT,1000000,41000.996339121
"Korea, Rep.",KOR,Purchasing power parity (PPP) (US$ = 1),PPPGlob,1000000:GROSS DOMESTIC PRODUCT,1000000,871.69580078125
Kosovo,KSV,"Expenditure per capita, PPP-based (US$)",PCAP.PP,1000000:GROSS DOMESTIC PRODUCT,1000000,10302.0754756314
Kosovo,KSV,Purchasing power parity (PPP) (US$ = 1),PPPGlob,1000000:GROSS DOMESTIC PRODUCT,1000000,0.340077292914052
Kuwait,KWT,"Expenditure per capita, PPP-based (US$)",PCAP.PP,1000000:GROSS DOMESTIC PRODUCT,1000000,48927.7587347452
Kuwait,KWT,Purchasing power parity (PPP) (US$ = 1),PPPGlob,1000000:GROSS DOMESTIC PRODUCT,1000000,0.17748399078846
Kyrgyzstan,KGZ,"Expenditure per capita, PPP-based (US$)",PCAP.PP,1000000:GROSS DOMESTIC PRODUCT,1000000,5263.13758397911
Kyrgyzstan,KGZ,Purchasing power parity (PPP) (US$ = 1),PPPGlob,1000000:GROSS DOMESTIC PRODUCT,1000000,16.9587230682373
Lao PDR,LAO,"Expenditure per capita, PPP-based (US$)",PCAP.PP,1000000:GROSS DOMESTIC PRODUCT,1000000,7310.03378039587
Lao PDR,LAO,Purchasing power parity (PPP) (US$ = 1),PPPGlob,1000000:GROSS DOMESTIC PRODUCT,1000000,2789.10864257813
Latin America & Caribbean (ICP),LCB,"Expenditure per capita, PPP-based (US$)",PCAP.PP,1000000:GROSS DOMESTIC PRODUCT,1000000,16047.7986013436
Latin America & Caribbean (ICP),LCB,Purchasing power parity (PPP) (US$ = 1),PPPGlob,1000000:GROSS DOMESTIC PRODUCT,1000000,..
Latvia,LVA,"Expenditure per capita, PPP-based (US$)",PCAP.PP,1000000:GROSS DOMESTIC PRODUCT,1000000,28504.7636173648
Latvia,LVA,Purchasing power parity (PPP) (US$ = 1),PPPGlob,1000000:GROSS DOMESTIC PRODUCT,1000000,0.484306573867798
Lebanon,LBN,"Expenditure per capita, PPP-based (US$)",PCAP.PP,1000000:GROSS DOMESTIC PRODUCT,1000000,16081.5059059902
Lebanon,LBN,Purchasing power parity (PPP) (US$ = 1),PPPGlob,1000000:GROSS DOMESTIC PRODUCT,1000000,734.775879933884
Lesotho,LSO,"Expenditure per capita, PPP-based (US$)",PCAP.PP,1000000:GROSS DOMESTIC PRODUCT,1000000,2996.03043664574
Lesotho,LSO,Purchasing power parity (PPP) (US$ = 1),PPPGlob,1000000:GROSS DOMESTIC PRODUCT,1000000,5.50585269927979
Liberia,LBR,"Expenditure per capita, PPP-based (US$)",PCAP.PP,1000000:GROSS DOMESTIC PRODUCT,1000000,1274.4579273648
Liberia,LBR,Purchasing power parity (PPP) (US$ = 1),PPPGlob,1000000:GROSS DOMESTIC PRODUCT,1000000,51.9570465087891
Libya,LBY,"Expenditure per capita, PPP-based (US$)",PCAP.PP,1000000:GROSS DOMESTIC PRODUCT,1000000,13665.3640598577
Libya,LBY,Purchasing power parity (PPP) (US$ = 1),PPPGlob,1000000:GROSS DOMESTIC PRODUCT,1000000,0.606110227539676
Lithuania,LTU,"Expenditure per capita, PPP-based (US$)",PCAP.PP,1000000:GROSS DOMESTIC PRODUCT,1000000,33821.1264676923
Lithuania,LTU,Purchasing power parity (PPP) (US$ = 1),PPPGlob,1000000:GROSS DOMESTIC PRODUCT,1000000,0.441872715950012
Luxembourg,LUX,"Expenditure per capita, PPP-based (US$)",PCAP.PP,1000000:GROSS DOMESTIC PRODUCT,1000000,112700.675464263
Luxembourg,LUX,Purchasing power parity (PPP) (US$ = 1),PPPGlob,1000000:GROSS DOMESTIC PRODUCT,1000000,0.844442009925842
"Macao SAR, China",MAC,"Expenditure per capita, PPP-based (US$)",PCAP.PP,1000000:GROSS DOMESTIC PRODUCT,1000000,126918.226521718
"Macao SAR, China",MAC,Purchasing power parity (PPP) (US$ = 1),PPPGlob,1000000:GROSS DOMESTIC PRODUCT,1000000,5.15491628646851
Madagascar,MDG,"Expenditure per capita, PPP-based (US$)",PCAP.PP,1000000:GROSS DOMESTIC PRODUCT,1000000,1560.74654121512
Madagascar,MDG,Purchasing power parity (PPP) (US$ = 1),PPPGlob,1000000:GROSS DOMESTIC PRODUCT,1000000,1013.43463134766
Malawi,MWI,"Expenditure per capita, PPP-based (US$)",PCAP.PP,1000000:GROSS DOMESTIC PRODUCT,1000000,1044.86077647348
Malawi,MWI,Purchasing power parity (PPP) (US$ = 1),PPPGlob,1000000:GROSS DOMESTIC PRODUCT,1000000,251.074234008789
Malaysia,MYS,"Expenditure per capita, PPP-based (US$)",PCAP.PP,1000000:GROSS DOMESTIC PRODUCT,1000000,25540.020091177
Malaysia,MYS,Purchasing power parity (PPP) (US$ = 1),PPPGlob,1000000:GROSS DOMESTIC PRODUCT,1000000,1.65478694438934
Maldives,MDV,"Expenditure per capita, PPP-based (US$)",PCAP.PP,1000000:GROSS DOMESTIC PRODUCT,1000000,18662.2088851474
Maldives,MDV,Purchasing power parity (PPP) (US$ = 1),PPPGlob,1000000:GROSS DOMESTIC PRODUCT,1000000,8.16077995300293
Mali,MLI,"Expenditure per capita, PPP-based (US$)",PCAP.PP,1000000:GROSS DOMESTIC PRODUCT,1000000,2249.09667413183
Mali,MLI,Purchasing power parity (PPP) (US$ = 1),PPPGlob,1000000:GROSS DOMESTIC PRODUCT,1000000,214.508682250977
Malta,MLT,"Expenditure per capita, PPP-based (US$)",PCAP.PP,1000000:GROSS DOMESTIC PRODUCT,1000000,41741.4352182043
Malta,MLT,Purchasing power parity (PPP) (US$ = 1),PPPGlob,1000000:GROSS DOMESTIC PRODUCT,1000000,0.577969908714294
Marshall Islands,MHL,"Expenditure per capita, PPP-based (US$)",PCAP.PP,1000000:GROSS DOMESTIC PRODUCT,1000000,..
Marshall Islands,MHL,Purchasing power parity (PPP) (US$ = 1),PPPGlob,1000000:GROSS DOMESTIC PRODUCT,1000000,..
Mauritania,MRT,"Expenditure per capita, PPP-based (US$)",PCAP.PP,1000000:GROSS DOMESTIC PRODUCT,1000000,3695.2863574353
Mauritania,MRT,Purchasing power parity (PPP) (US$ = 1),PPPGlob,1000000:GROSS DOMESTIC PRODUCT,1000000,111.257583618164
Mauritius,MUS,"Expenditure per capita, PPP-based (US$)",PCAP.PP,1000000:GROSS DOMESTIC PRODUCT,1000000,25051.0518224385
Mauritius,MUS,Purchasing power parity (PPP) (US$ = 1),PPPGlob,1000000:GROSS DOMESTIC PRODUCT,1000000,16.8822021484375
Mexico,MEX,"Expenditure per capita, PPP-based (US$)",PCAP.PP,1000000:GROSS DOMESTIC PRODUCT,1000000,20022.6600064977
Mexico,MEX,Purchasing power parity (PPP) (US$ = 1),PPPGlob,1000000:GROSS DOMESTIC PRODUCT,1000000,8.87094116210938
"Micronesia, Federated States of",FSM,"Expenditure per capita, PPP-based (US$)",PCAP.PP,1000000:GROSS DOMESTIC PRODUCT,1000000,..
"Micronesia, Federated States of",FSM,Purchasing power parity (PPP) (US$ = 1),PPPGlob,1000000:GROSS DOMESTIC PRODUCT,1000000,..
Middle East & North Africa (ICP),MEB,"Expenditure per capita, PPP-based (US$)",PCAP.PP,1000000:GROSS DOMESTIC PRODUCT,1000000,18774.2708473622
Middle East & North Africa (ICP),MEB,Purchasing power parity (PPP) (US$ = 1),PPPGlob,1000000:GROSS DOMESTIC PRODUCT,1000000,..
Moldova,MDA,"Expenditure per capita, PPP-based (US$)",PCAP.PP,1000000:GROSS DOMESTIC PRODUCT,1000000,9044.64267273235
Moldova,MDA,Purchasing power parity (PPP) (US$ = 1),PPPGlob,1000000:GROSS DOMESTIC PRODUCT,1000000,5.57240152359009
Mongolia,MNG,"Expenditure per capita, PPP-based (US$)",PCAP.PP,1000000:GROSS DOMESTIC PRODUCT,1000000,11185.5680869657
Mongolia,MNG,Purchasing power parity (PPP) (US$ = 1),PPPGlob,1000000:GROSS DOMESTIC PRODUCT,1000000,791.43603515625
Montenegro,MNE,"Expenditure per capita, PPP-based (US$)",PCAP.PP,1000000:GROSS DOMESTIC PRODUCT,1000000,19704.4498254389
Montenegro,MNE,Purchasing power parity (PPP) (US$ = 1),PPPGlob,1000000:GROSS DOMESTIC PRODUCT,1000000,0.350561797618866
Montserrat,MSR,"Expenditure per capita, PPP-based (US$)",PCAP.PP,1000000:GROSS DOMESTIC PRODUCT,1000000,18141.8073227828
Montserrat,MSR,Purchasing power parity (PPP) (US$ = 1),PPPGlob,1000000:GROSS DOMESTIC PRODUCT,1000000,1.79044687747955
Morocco,MAR,"Expenditure per capita, PPP-based (US$)",PCAP.PP,1000000:GROSS DOMESTIC PRODUCT,1000000,7583.15063571009
Morocco,MAR,Purchasing power parity (PPP) (US$ = 1),PPPGlob,1000000:GROSS DOMESTIC PRODUCT,1000000,4.02344036102295
Mozambique,MOZ,"Expenditure per capita, PPP-based (US$)",PCAP.PP,1000000:GROSS DOMESTIC PRODUCT,1000000,1228.58367653166
Mozambique,MOZ,Purchasing power parity (PPP) (US$ = 1),PPPGlob,1000000:GROSS DOMESTIC PRODUCT,1000000,22.8555526733398
Myanmar,MMR,"Expenditure per capita, PPP-based (US$)",PCAP.PP,1000000:GROSS DOMESTIC PRODUCT,1000000,4411.35087566286
Myanmar,MMR,Purchasing power parity (PPP) (US$ = 1),PPPGlob,1000000:GROSS DOMESTIC PRODUCT,1000000,366.713256835938
Namibia,NAM,"Expenditure per capita, PPP-based (US$)",PCAP.PP,1000000:GROSS DOMESTIC PRODUCT,1000000,10614.3217037975
Namibia,NAM,Purchasing power parity (PPP) (US$ = 1),PPPGlob,1000000:GROSS DOMESTIC PRODUCT,1000000,7.0205979347229
Nauru,NRU,"Expenditure per capita, PPP-based (US$)",PCAP.PP,1000000:GROSS DOMESTIC PRODUCT,1000000,..
Nauru,NRU,Purchasing power parity (PPP) (US$ = 1),PPPGlob,1000000:GROSS DOMESTIC PRODUCT,1000000,..
Nepal,NPL,"Expenditure per capita, PPP-based (US$)",PCAP.PP,1000000:GROSS DOMESTIC PRODUCT,1000000,2899.70390829518
Nepal,NPL,Purchasing power parity (PPP) (US$ = 1),PPPGlob,1000000:GROSS DOMESTIC PRODUCT,1000000,31.2349834442139
Netherlands,NLD,"Expenditure per capita, PPP-based (US$)",PCAP.PP,1000000:GROSS DOMESTIC PRODUCT,1000000,55348.8932030137
Netherlands,NLD,Purchasing power parity (PPP) (US$ = 1),PPPGlob,1000000:GROSS DOMESTIC PRODUCT,1000000,0.778485655784607
New Caledonia,NCL,"Expenditure per capita, PPP-based (US$)",PCAP.PP,1000000:GROSS DOMESTIC PRODUCT,1000000,..
New Caledonia,NCL,Purchasing power parity (PPP) (US$ = 1),PPPGlob,1000000:GROSS DOMESTIC PRODUCT,1000000,..
New Zealand,NZL,"Expenditure per capita, PPP-based (US$)",PCAP.PP,1000000:GROSS DOMESTIC PRODUCT,1000000,40260.6692146084
New Zealand,NZL,Purchasing power parity (PPP) (US$ = 1),PPPGlob,1000000:GROSS DOMESTIC PRODUCT,1000000,1.45341575145721
Nicaragua,NIC,"Expenditure per capita, PPP-based (US$)",PCAP.PP,1000000:GROSS DOMESTIC PRODUCT,1000000,6029.15338502735
Nicaragua,NIC,Purchasing power parity (PPP) (US$ = 1),PPPGlob,1000000:GROSS DOMESTIC PRODUCT,1000000,10.8068704605103
Niger,NER,"Expenditure per capita, PPP-based (US$)",PCAP.PP,1000000:GROSS DOMESTIC PRODUCT,1000000,846.636132328498
Niger,NER,Purchasing power parity (PPP) (US$ = 1),PPPGlob,1000000:GROSS DOMESTIC PRODUCT,1000000,258.460083007813
Nigeria,NGA,"Expenditure per capita, PPP-based (US$)",PCAP.PP,1000000:GROSS DOMESTIC PRODUCT,1000000,4634.46824689658
Nigeria,NGA,Purchasing power parity (PPP) (US$ = 1),PPPGlob,1000000:GROSS DOMESTIC PRODUCT,1000000,115.977828979492
Niue,NIU,"Expenditure per capita, PPP-based (US$)",PCAP.PP,1000000:GROSS DOMESTIC PRODUCT,1000000,..
Niue,NIU,Purchasing power parity (PPP) (US$ = 1),PPPGlob,1000000:GROSS DOMESTIC PRODUCT,1000000,..
North America (ICP),NAB,"Expenditure per capita, PPP-based (US$)",PCAP.PP,1000000:GROSS DOMESTIC PRODUCT,1000000,58843.0075938501
North America (ICP),NAB,Purchasing power parity (PPP) (US$ = 1),PPPGlob,1000000:GROSS DOMESTIC PRODUCT,1000000,..
North Macedonia,MKD,"Expenditure per capita, PPP-based (US$)",PCAP.PP,1000000:GROSS DOMESTIC PRODUCT,1000000,15646.3215843141
North Macedonia,MKD,Purchasing power parity (PPP) (US$ = 1),PPPGlob,1000000:GROSS DOMESTIC PRODUCT,1000000,19.0430679321289
Northern Mariana Islands,MNP,"Expenditure per capita, PPP-based (US$)",PCAP.PP,1000000:GROSS DOMESTIC PRODUCT,1000000,..
Northern Mariana Islands,MNP,Purchasing power parity (PPP) (US$ = 1),PPPGlob,1000000:GROSS DOMESTIC PRODUCT,1000000,..
Norway,NOR,"Expenditure per capita, PPP-based (US$)",PCAP.PP,1000000:GROSS DOMESTIC PRODUCT,1000000,62940.1961770456
Norway,NOR,Purchasing power parity (PPP) (US$ = 1),PPPGlob,1000000:GROSS DOMESTIC PRODUCT,1000000,9.92180252075195
Oman,OMN,"Expenditure per capita, PPP-based (US$)",PCAP.PP,1000000:GROSS DOMESTIC PRODUCT,1000000,29758.2893271623
Oman,OMN,Purchasing power parity (PPP) (US$ = 1),PPPGlob,1000000:GROSS DOMESTIC PRODUCT,1000000,0.200041279196739
Pakistan,PAK,"Expenditure per capita, PPP-based (US$)",PCAP.PP,1000000:GROSS DOMESTIC PRODUCT,1000000,4974.72892386663
Pakistan,PAK,Purchasing power parity (PPP) (US$ = 1),PPPGlob,1000000:GROSS DOMESTIC PRODUCT,1000000,33.5889205932617
Palau,PLW,"Expenditure per capita, PPP-based (US$)",PCAP.PP,1000000:GROSS DOMESTIC PRODUCT,1000000,..
Palau,PLW,Purchasing power parity (PPP) (US$ = 1),PPPGlob,1000000:GROSS DOMESTIC PRODUCT,1000000,..
Panama,PAN,"Expenditure per capita, PPP-based (US$)",PCAP.PP,1000000:GROSS DOMESTIC PRODUCT,1000000,30486.4755060269
Panama,PAN,Purchasing power parity (PPP) (US$ = 1),PPPGlob,1000000:GROSS DOMESTIC PRODUCT,1000000,0.4974704682827
Papua New Guinea,PNG,"Expenditure per capita, PPP-based (US$)",PCAP.PP,1000000:GROSS DOMESTIC PRODUCT,1000000,..
Papua New Guinea,PNG,Purchasing power parity (PPP) (US$ = 1),PPPGlob,1000000:GROSS DOMESTIC PRODUCT,1000000,..
Paraguay,PRY,"Expenditure per capita, PPP-based (US$)",PCAP.PP,1000000:GROSS DOMESTIC PRODUCT,1000000,12594.343261287
Paraguay,PRY,Purchasing power parity (PPP) (US$ = 1),PPPGlob,1000000:GROSS DOMESTIC PRODUCT,1000000,2534.37670898438
Peru,PER,"Expenditure per capita, PPP-based (US$)",PCAP.PP,1000000:GROSS DOMESTIC PRODUCT,1000000,12506.5297727946
Peru,PER,Purchasing power parity (PPP) (US$ = 1),PPPGlob,1000000:GROSS DOMESTIC PRODUCT,1000000,1.74945497512817
Philippines,PHL,"Expenditure per capita, PPP-based (US$)",PCAP.PP,1000000:GROSS DOMESTIC PRODUCT,1000000,7772.05160215573
Philippines,PHL,Purchasing power parity (PPP) (US$ = 1),PPPGlob,1000000:GROSS DOMESTIC PRODUCT,1000000,19.3850116729736
Poland,POL,"Expenditure per capita, PPP-based (US$)",PCAP.PP,1000000:GROSS DOMESTIC PRODUCT,1000000,29801.8101384156
Poland,POL,Purchasing power parity (PPP) (US$ = 1),PPPGlob,1000000:GROSS DOMESTIC PRODUCT,1000000,1.73735594749451
Portugal,PRT,"Expenditure per capita, PPP-based (US$)",PCAP.PP,1000000:GROSS DOMESTIC PRODUCT,1000000,33086.06534687
Portugal,PRT,Purchasing power parity (PPP) (US$ = 1),PPPGlob,1000000:GROSS DOMESTIC PRODUCT,1000000,0.57496851682663
Puerto Rico,PRI,"Expenditure per capita, PPP-based (US$)",PCAP.PP,1000000:GROSS DOMESTIC PRODUCT,1000000,34634.029102697
Puerto Rico,PRI,Purchasing power parity (PPP) (US$ = 1),PPPGlob,1000000:GROSS DOMESTIC PRODUCT,1000000,0.905278276646617
Qatar,QAT,"Expenditure per capita, PPP-based (US$)",PCAP.PP,1000000:GROSS DOMESTIC PRODUCT,1000000,95062.6249278791
Qatar,QAT,Purchasing power parity (PPP) (US$ = 1),PPPGlob,1000000:GROSS DOMESTIC PRODUCT,1000000,2.34594988822937
Romania,ROU,"Expenditure per capita, PPP-based (US$)",PCAP.PP,1000000:GROSS DOMESTIC PRODUCT,1000000,27292.543638886
Romania,ROU,Purchasing power parity (PPP) (US$ = 1),PPPGlob,1000000:GROSS DOMESTIC PRODUCT,1000000,1.60442352294922
Russian Federation,RUS,"Expenditure per capita, PPP-based (US$)",PCAP.PP,1000000:GROSS DOMESTIC PRODUCT,1000000,26079.0767077162
Russian Federation,RUS,Purchasing power parity (PPP) (US$ = 1),PPPGlob,1000000:GROSS DOMESTIC PRODUCT,1000000,24.0503997802734
Rwanda,RWA,"Expenditure per capita, PPP-based (US$)",PCAP.PP,1000000:GROSS DOMESTIC PRODUCT,1000000,1803.62936874082
Rwanda,RWA,Purchasing power parity (PPP) (US$ = 1),PPPGlob,1000000:GROSS DOMESTIC PRODUCT,1000000,325.126220703125
Samoa,WSM,"Expenditure per capita, PPP-based (US$)",PCAP.PP,1000000:GROSS DOMESTIC PRODUCT,1000000,..
Samoa,WSM,Purchasing power parity (PPP) (US$ = 1),PPPGlob,1000000:GROSS DOMESTIC PRODUCT,1000000,..
San Marino,SMR,"Expenditure per capita, PPP-based (US$)",PCAP.PP,1000000:GROSS DOMESTIC PRODUCT,1000000,..
San Marino,SMR,Purchasing power parity (PPP) (US$ = 1),PPPGlob,1000000:GROSS DOMESTIC PRODUCT,1000000,0.68267809471538
São Tomé and Principe,STP,"Expenditure per capita, PPP-based (US$)",PCAP.PP,1000000:GROSS DOMESTIC PRODUCT,1000000,3255.00733609771
São Tomé and Principe,STP,Purchasing power parity (PPP) (US$ = 1),PPPGlob,1000000:GROSS DOMESTIC PRODUCT,1000000,10.0551843643188
Saudi Arabia,SAU,"Expenditure per capita, PPP-based (US$)",PCAP.PP,1000000:GROSS DOMESTIC PRODUCT,1000000,48014.5834059761
Saudi Arabia,SAU,Purchasing power parity (PPP) (US$ = 1),PPPGlob,1000000:GROSS DOMESTIC PRODUCT,1000000,1.64902722835541
Senegal,SEN,"Expenditure per capita, PPP-based (US$)",PCAP.PP,1000000:GROSS DOMESTIC PRODUCT,1000000,3195.01747982373
Senegal,SEN,Purchasing power parity (PPP) (US$ = 1),PPPGlob,1000000:GROSS DOMESTIC PRODUCT,1000000,246.786666870117
Serbia,SRB,"Expenditure per capita, PPP-based (US$)",PCAP.PP,1000000:GROSS DOMESTIC PRODUCT,1000000,16599.4038457492
Serbia,SRB,Purchasing power parity (PPP) (US$ = 1),PPPGlob,1000000:GROSS DOMESTIC PRODUCT,1000000,40.7952919006348
Seychelles,SYC,"Expenditure per capita, PPP-based (US$)",PCAP.PP,1000000:GROSS DOMESTIC PRODUCT,1000000,27794.3223871713
Seychelles,SYC,Purchasing power parity (PPP) (US$ = 1),PPPGlob,1000000:GROSS DOMESTIC PRODUCT,1000000,7.96867322921753
Sierra Leone,SLE,"Expenditure per capita, PPP-based (US$)",PCAP.PP,1000000:GROSS DOMESTIC PRODUCT,1000000,1642.376203243
Sierra Leone,SLE,Purchasing power parity (PPP) (US$ = 1),PPPGlob,1000000:GROSS DOMESTIC PRODUCT,1000000,2244.99462890625
Singapore,SGP,"Expenditure per capita, PPP-based (US$)",PCAP.PP,1000000:GROSS DOMESTIC PRODUCT,1000000,93980.9405315946
Singapore,SGP,Purchasing power parity (PPP) (US$ = 1),PPPGlob,1000000:GROSS DOMESTIC PRODUCT,1000000,0.885979890823364
Sint Maarten,SXM,"Expenditure per capita, PPP-based (US$)",PCAP.PP,1000000:GROSS DOMESTIC PRODUCT,1000000,31578.5300481647
Sint Maarten,SXM,Purchasing power parity (PPP) (US$ = 1),PPPGlob,1000000:GROSS DOMESTIC PRODUCT,1000000,1.38657069206238
Slovakia,SVK,"Expenditure per capita, PPP-based (US$)",PCAP.PP,1000000:GROSS DOMESTIC PRODUCT,1000000,30910.7074834472
Slovakia,SVK,Purchasing power parity (PPP) (US$ = 1),PPPGlob,1000000:GROSS DOMESTIC PRODUCT,1000000,0.502764701843262
Slovenia,SVN,"Expenditure per capita, PPP-based (US$)",PCAP.PP,1000000:GROSS DOMESTIC PRODUCT,1000000,36660.9634504206
Slovenia,SVN,Purchasing power parity (PPP) (US$ = 1),PPPGlob,1000000:GROSS DOMESTIC PRODUCT,1000000,0.567600548267365
Solomon Islands,SLB,"Expenditure per capita, PPP-based (US$)",PCAP.PP,1000000:GROSS DOMESTIC PRODUCT,1000000,..
Solomon Islands,SLB,Purchasing power parity (PPP) (US$ = 1),PPPGlob,1000000:GROSS DOMESTIC PRODUCT,1000000,..
Somalia,SOM,"Expenditure per capita, PPP-based (US$)",PCAP.PP,1000000:GROSS DOMESTIC PRODUCT,1000000,858.430662073071
Somalia,SOM,Purchasing power parity (PPP) (US$ = 1),PPPGlob,1000000:GROSS DOMESTIC PRODUCT,1000000,8229.53108586144
South Africa,ZAF,"Expenditure per capita, PPP-based (US$)",PCAP.PP,1000000:GROSS DOMESTIC PRODUCT,1000000,12869.5840064403
South Africa,ZAF,Purchasing power parity (PPP) (US$ = 1),PPPGlob,1000000:GROSS DOMESTIC PRODUCT,1000000,6.42670106887817
South Asia (ICP),SAB,"Expenditure per capita, PPP-based (US$)",PCAP.PP,1000000:GROSS DOMESTIC PRODUCT,1000000,5879.75860926451
South Asia (ICP),SAB,Purchasing power parity (PPP) (US$ = 1),PPPGlob,1000000:GROSS DOMESTIC PRODUCT,1000000,..
South Sudan,SSD,"Expenditure per capita, PPP-based (US$)",PCAP.PP,1000000:GROSS DOMESTIC PRODUCT,1000000,897.517941048182
South Sudan,SSD,Purchasing power parity (PPP) (US$ = 1),PPPGlob,1000000:GROSS DOMESTIC PRODUCT,1000000,35.5049068594648
Spain,ESP,"Expenditure per capita, PPP-based (US$)",PCAP.PP,1000000:GROSS DOMESTIC PRODUCT,1000000,39626.843159552
Spain,ESP,Purchasing power parity (PPP) (US$ = 1),PPPGlob,1000000:GROSS DOMESTIC PRODUCT,1000000,0.630102515220642
Sri Lanka,LKA,"Expenditure per capita, PPP-based (US$)",PCAP.PP,1000000:GROSS DOMESTIC PRODUCT,1000000,12573.8969106414
Sri Lanka,LKA,Purchasing power parity (PPP) (US$ = 1),PPPGlob,1000000:GROSS DOMESTIC PRODUCT,1000000,49.39013671875
St. Kitts and Nevis,KNA,"Expenditure per capita, PPP-based (US$)",PCAP.PP,1000000:GROSS DOMESTIC PRODUCT,1000000,23965.722136953
St. Kitts and Nevis,KNA,Purchasing power parity (PPP) (US$ = 1),PPPGlob,1000000:GROSS DOMESTIC PRODUCT,1000000,2.03976440429688
St. Lucia,LCA,"Expenditure per capita, PPP-based (US$)",PCAP.PP,1000000:GROSS DOMESTIC PRODUCT,1000000,12735.1451491077
St. Lucia,LCA,Purchasing power parity (PPP) (US$ = 1),PPPGlob,1000000:GROSS DOMESTIC PRODUCT,1000000,1.99576032161713
St. Vincent and the Grenadines,VCT,"Expenditure per capita, PPP-based (US$)",PCAP.PP,1000000:GROSS DOMESTIC PRODUCT,1000000,13074.898595324
St. Vincent and the Grenadines,VCT,Purchasing power parity (PPP) (US$ = 1),PPPGlob,1000000:GROSS DOMESTIC PRODUCT,1000000,1.59044253826141
Sub-Saharan Africa (ICP),SSB,"Expenditure per capita, PPP-based (US$)",PCAP.PP,1000000:GROSS DOMESTIC PRODUCT,1000000,3664.75164584584
Sub-Saharan Africa (ICP),SSB,Purchasing power parity (PPP) (US$ = 1),PPPGlob,1000000:GROSS DOMESTIC PRODUCT,1000000,..
Sudan,SDN,"Expenditure per capita, PPP-based (US$)",PCAP.PP,1000000:GROSS DOMESTIC PRODUCT,1000000,4331.03997607543
Sudan,SDN,Purchasing power parity (PPP) (US$ = 1),PPPGlob,1000000:GROSS DOMESTIC PRODUCT,1000000,4.61896896362305
Suriname,SUR,"Expenditure per capita, PPP-based (US$)",PCAP.PP,1000000:GROSS DOMESTIC PRODUCT,1000000,16341.137535614
Suriname,SUR,Purchasing power parity (PPP) (US$ = 1),PPPGlob,1000000:GROSS DOMESTIC PRODUCT,1000000,2.57821440696716
Sweden,SWE,"Expenditure per capita, PPP-based (US$)",PCAP.PP,1000000:GROSS DOMESTIC PRODUCT,1000000,52692.847442054
Sweden,SWE,Purchasing power parity (PPP) (US$ = 1),PPPGlob,1000000:GROSS DOMESTIC PRODUCT,1000000,8.71946716308594
Switzerland,CHE,"Expenditure per capita, PPP-based (US$)",PCAP.PP,1000000:GROSS DOMESTIC PRODUCT,1000000,67139.0577021331
Switzerland,CHE,Purchasing power parity (PPP) (US$ = 1),PPPGlob,1000000:GROSS DOMESTIC PRODUCT,1000000,1.17991626262665
Syrian Arab Republic,SYR,"Expenditure per capita, PPP-based (US$)",PCAP.PP,1000000:GROSS DOMESTIC PRODUCT,1000000,..
Syrian Arab Republic,SYR,Purchasing power parity (PPP) (US$ = 1),PPPGlob,1000000:GROSS DOMESTIC PRODUCT,1000000,..
"Taiwan, China",TWN,"Expenditure per capita, PPP-based (US$)",PCAP.PP,1000000:GROSS DOMESTIC PRODUCT,1000000,47222.9418573903
"Taiwan, China",TWN,Purchasing power parity (PPP) (US$ = 1),PPPGlob,1000000:GROSS DOMESTIC PRODUCT,1000000,15.7303733825684
Tajikistan,TJK,"Expenditure per capita, PPP-based (US$)",PCAP.PP,1000000:GROSS DOMESTIC PRODUCT,1000000,3104.63595695714
Tajikistan,TJK,Purchasing power parity (PPP) (US$ = 1),PPPGlob,1000000:GROSS DOMESTIC PRODUCT,1000000,2.23057007789612
Tanzania,TZA,"Expenditure per capita, PPP-based (US$)",PCAP.PP,1000000:GROSS DOMESTIC PRODUCT,1000000,2287.17539714941
Tanzania,TZA,Purchasing power parity (PPP) (US$ = 1),PPPGlob,1000000:GROSS DOMESTIC PRODUCT,1000000,885.082885742188
Thailand,THA,"Expenditure per capita, PPP-based (US$)",PCAP.PP,1000000:GROSS DOMESTIC PRODUCT,1000000,17781.3839321885
Thailand,THA,Purchasing power parity (PPP) (US$ = 1),PPPGlob,1000000:GROSS DOMESTIC PRODUCT,1000000,12.8447160720825
Timor-Leste,TLS,"Expenditure per capita, PPP-based (US$)",PCAP.PP,1000000:GROSS DOMESTIC PRODUCT,1000000,..
Timor-Leste,TLS,Purchasing power parity (PPP) (US$ = 1),PPPGlob,1000000:GROSS DOMESTIC PRODUCT,1000000,..
Togo,TGO,"Expenditure per capita, PPP-based (US$)",PCAP.PP,1000000:GROSS DOMESTIC PRODUCT,1000000,1457.27593109451
Togo,TGO,Purchasing power parity (PPP) (US$ = 1),PPPGlob,1000000:GROSS DOMESTIC PRODUCT,1000000,239.721725463867
Tokelau,TKL,"Expenditure per capita, PPP-based (US$)",PCAP.PP,1000000:GROSS DOMESTIC PRODUCT,1000000,..
Tokelau,TKL,Purchasing power parity (PPP) (US$ = 1),PPPGlob,1000000:GROSS DOMESTIC PRODUCT,1000000,..
Tonga,TON,"Expenditure per capita, PPP-based (US$)",PCAP.PP,1000000:GROSS DOMESTIC PRODUCT,1000000,..
Tonga,TON,Purchasing power parity (PPP) (US$ = 1),PPPGlob,1000000:GROSS DOMESTIC PRODUCT,1000000,..
Trinidad and Tobago,TTO,"Expenditure per capita, PPP-based (US$)",PCAP.PP,1000000:GROSS DOMESTIC PRODUCT,1000000,26805.9094080825
Trinidad and Tobago,TTO,Purchasing power parity (PPP) (US$ = 1),PPPGlob,1000000:GROSS DOMESTIC PRODUCT,1000000,4.16245174407959
Tunisia,TUN,"Expenditure per capita, PPP-based (US$)",PCAP.PP,1000000:GROSS DOMESTIC PRODUCT,1000000,10638.3149541579
Tunisia,TUN,Purchasing power parity (PPP) (US$ = 1),PPPGlob,1000000:GROSS DOMESTIC PRODUCT,1000000,0.794180154800415
Turkey,TUR,"Expenditure per capita, PPP-based (US$)",PCAP.PP,1000000:GROSS DOMESTIC PRODUCT,1000000,28208.5510654551
Turkey,TUR,Purchasing power parity (PPP) (US$ = 1),PPPGlob,1000000:GROSS DOMESTIC PRODUCT,1000000,1.37304425239563
Turkmenistan,TKM,"Expenditure per capita, PPP-based (US$)",PCAP.PP,1000000:GROSS DOMESTIC PRODUCT,1000000,14205.0265119624
Turkmenistan,TKM,Purchasing power parity (PPP) (US$ = 1),PPPGlob,1000000:GROSS DOMESTIC PRODUCT,1000000,1.62300465233047
Turks and Caicos Islands,TCA,"Expenditure per capita, PPP-based (US$)",PCAP.PP,1000000:GROSS DOMESTIC PRODUCT,1000000,25981.5691456151
Turks and Caicos Islands,TCA,Purchasing power parity (PPP) (US$ = 1),PPPGlob,1000000:GROSS DOMESTIC PRODUCT,1000000,1.01790571212769
Tuvalu,TUV,"Expenditure per capita, PPP-based (US$)",PCAP.PP,1000000:GROSS DOMESTIC PRODUCT,1000000,..
Tuvalu,TUV,Purchasing power parity (PPP) (US$ = 1),PPPGlob,1000000:GROSS DOMESTIC PRODUCT,1000000,..
Uganda,UGA,"Expenditure per capita, PPP-based (US$)",PCAP.PP,1000000:GROSS DOMESTIC PRODUCT,1000000,2222.5007355801
Uganda,UGA,Purchasing power parity (PPP) (US$ = 1),PPPGlob,1000000:GROSS DOMESTIC PRODUCT,1000000,1270.6083984375
Ukraine,UKR,"Expenditure per capita, PPP-based (US$)",PCAP.PP,1000000:GROSS DOMESTIC PRODUCT,1000000,11871.1236240918
Ukraine,UKR,Purchasing power parity (PPP) (US$ = 1),PPPGlob,1000000:GROSS DOMESTIC PRODUCT,1000000,5.91628871226805
United Arab Emirates,ARE,"Expenditure per capita, PPP-based (US$)",PCAP.PP,1000000:GROSS DOMESTIC PRODUCT,1000000,67100.2258021031
United Arab Emirates,ARE,Purchasing power parity (PPP) (US$ = 1),PPPGlob,1000000:GROSS DOMESTIC PRODUCT,1000000,2.22179198265076
United Kingdom,GBR,"Expenditure per capita, PPP-based (US$)",PCAP.PP,1000000:GROSS DOMESTIC PRODUCT,1000000,45987.960833865
United Kingdom,GBR,Purchasing power parity (PPP) (US$ = 1),PPPGlob,1000000:GROSS DOMESTIC PRODUCT,1000000,0.682132482528687
United States,USA,"Expenditure per capita, PPP-based (US$)",PCAP.PP,1000000:GROSS DOMESTIC PRODUCT,1000000,59984.0911220187
United States,USA,Purchasing power parity (PPP) (US$ = 1),PPPGlob,1000000:GROSS DOMESTIC PRODUCT,1000000,1
Uruguay,URY,"Expenditure per capita, PPP-based (US$)",PCAP.PP,1000000:GROSS DOMESTIC PRODUCT,1000000,21324.8770288414
Uruguay,URY,Purchasing power parity (PPP) (US$ = 1),PPPGlob,1000000:GROSS DOMESTIC PRODUCT,1000000,23.2938060760498
Uzbekistan,UZB,"Expenditure per capita, PPP-based (US$)",PCAP.PP,1000000:GROSS DOMESTIC PRODUCT,1000000,6518.80511805056
Uzbekistan,UZB,Purchasing power parity (PPP) (US$ = 1),PPPGlob,1000000:GROSS DOMESTIC PRODUCT,1000000,1432.90717805091
Vanuatu,VUT,"Expenditure per capita, PPP-based (US$)",PCAP.PP,1000000:GROSS DOMESTIC PRODUCT,1000000,..
Vanuatu,VUT,Purchasing power parity (PPP) (US$ = 1),PPPGlob,1000000:GROSS DOMESTIC PRODUCT,1000000,..
"Venezuela, RB",VEN,"Expenditure per capita, PPP-based (US$)",PCAP.PP,1000000:GROSS DOMESTIC PRODUCT,1000000,..
"Venezuela, RB",VEN,Purchasing power parity (PPP) (US$ = 1),PPPGlob,1000000:GROSS DOMESTIC PRODUCT,1000000,..
Vietnam,VNM,"Expenditure per capita, PPP-based (US$)",PCAP.PP,1000000:GROSS DOMESTIC PRODUCT,1000000,7182.8267446271
Vietnam,VNM,Purchasing power parity (PPP) (US$ = 1),PPPGlob,1000000:GROSS DOMESTIC PRODUCT,1000000,7395.33837890625
"Virgin Islands, British",VGB,"Expenditure per capita, PPP-based (US$)",PCAP.PP,1000000:GROSS DOMESTIC PRODUCT,1000000,40833.5559345402
"Virgin Islands, British",VGB,Purchasing power parity (PPP) (US$ = 1),PPPGlob,1000000:GROSS DOMESTIC PRODUCT,1000000,1.06877851486206
Wallis and Futuna,WLF,"Expenditure per capita, PPP-based (US$)",PCAP.PP,1000000:GROSS DOMESTIC PRODUCT,1000000,..
Wallis and Futuna,WLF,Purchasing power parity (PPP) (US$ = 1),PPPGlob,1000000:GROSS DOMESTIC PRODUCT,1000000,..
West Bank and Gaza,PSE,"Expenditure per capita, PPP-based (US$)",PCAP.PP,1000000:GROSS DOMESTIC PRODUCT,1000000,5756.20406040897
West Bank and Gaza,PSE,Purchasing power parity (PPP) (US$ = 1),PPPGlob,1000000:GROSS DOMESTIC PRODUCT,1000000,2.03564763069153
WORLD,WLD,"Expenditure per capita, PPP-based (US$)",PCAP.PP,1000000:GROSS DOMESTIC PRODUCT,1000000,16595.5065755093
WORLD,WLD,Purchasing power parity (PPP) (US$ = 1),PPPGlob,1000000:GROSS DOMESTIC PRODUCT,1000000,..
Yemen,YEM,"Expenditure per capita, PPP-based (US$)",PCAP.PP,1000000:GROSS DOMESTIC PRODUCT,1000000,..
Yemen,YEM,Purchasing power parity (PPP) (US$ = 1),PPPGlob,1000000:GROSS DOMESTIC PRODUCT,1000000,..
Zambia,ZMB,"Expenditure per capita, PPP-based (US$)",PCAP.PP,1000000:GROSS DOMESTIC PRODUCT,1000000,3353.871245895
Zambia,ZMB,Purchasing power parity (PPP) (US$ = 1),PPPGlob,1000000:GROSS DOMESTIC PRODUCT,1000000,4.1925802230835
Zimbabwe,ZWE,"Expenditure per capita, PPP-based (US$)",PCAP.PP,1000000:GROSS DOMESTIC PRODUCT,1000000,2560.0168293712
Zimbabwe,ZWE,Purchasing power parity (PPP) (US$ = 1),PPPGlob,1000000:GROSS DOMESTIC PRODUCT,1000000,0.511243164539337
,,,,,,
,,,,,,
,,,,,,
Data from database: ICP 2017,,,,,,
Last Updated: 10/01/2020,,,,,,
